,Air temperature [K],Air temperature [K],Air temperature [K],Air temperature [K],Air temperature [K],Process temperature [K],Process temperature [K],Process temperature [K],Process temperature [K],Process temperature [K],Rotational speed [rpm],Rotational speed [rpm],Rotational speed [rpm],Rotational speed [rpm],Rotational speed [rpm],Torque [Nm],Torque [Nm],Torque [Nm],Torque [Nm],Torque [Nm],Tool wear [min],Tool wear [min],Tool wear [min],Tool wear [min],Tool wear [min]
,mean,std,min,max,count,mean,std,min,max,count,mean,std,min,max,count,mean,std,min,max,count,mean,std,min,max,count
KMeans_Cluster,,,,,,,,,,,,,,,,,,,,,,,,,
0,301.1903453136011,1.4830727381632294,296.4,304.3,1419,310.868992248062,1.0589718977355638,307.4,313.7,1419,1827.6286116983792,218.36299419633826,1552,2886,1419,25.777096546863987,5.403619277487245,3.8,36.3,1419,111.40803382663847,64.20288467706413,0,244,1419
1,298.4618863548512,1.1083145643127281,295.3,301.7,2587,308.8725937379204,0.8878937632889254,305.7,311.1,2587,1413.5454194047159,64.31645291007773,1168,1585,2587,48.27618863548512,6.145957153679098,37.5,76.2,2587,106.90684190181678,63.47758600131739,0,246,2587
2,298.30012825994015,1.0939701676774605,295.3,301.0,2339,308.7752030782385,0.9059969810892285,305.7,310.9,2339,1615.1312526720822,103.6829507656989,1433,2270,2339,33.56442924326635,4.760358140853192,14.6,43.5,2339,104.80418982471141,63.076881948381555,0,244,2339
3,301.72785225718195,1.1827514978629876,299.1,304.5,3655,311.2596169630643,0.8749258258886693,309.4,313.8,3655,1466.4082079343366,84.68707806687932,1192,1670,3655,43.746566347469226,7.195878800003562,28.9,76.6,3655,109.36169630642955,63.850630970979,0,253,3655
